Designator,Mid X,Mid Y,Layer,Rotation
C1,193.699500,-120.000000,Top,180.000000
C2,194.024500,-133.000000,Top,180.000000
C3,193.962500,-145.550000,Top,180.000000
C4,193.762500,-158.700000,Top,180.000000
C5,88.750000,-25.125000,Top,90.000000
C6,103.900000,-25.000000,Top,90.000000
C7,119.200000,-25.300000,Top,90.000000
C8,134.000000,-25.100000,Top,90.000000
C9,133.225000,-34.900000,Top,90.000000
C10,119.287500,-34.987500,Top,90.000000
C11,104.037500,-34.725000,Top,90.000000
C12,89.125000,-34.600000,Top,90.000000
C13,88.700000,-44.750000,Top,90.000000
C14,104.000000,-44.800000,Top,90.000000
C15,119.062500,-44.525000,Top,90.000000
C16,133.375000,-44.700000,Top,90.000000
C17,133.437500,-54.550000,Top,90.000000
C18,118.800000,-54.675000,Top,90.000000
C19,103.937500,-54.750000,Top,90.000000
C20,88.600000,-54.375000,Top,90.000000
C21,88.387500,-64.600000,Top,90.000000
C22,103.725000,-64.525000,Top,90.000000
C23,118.925000,-64.725000,Top,90.000000
C24,133.325000,-64.500000,Top,90.000000
C25,133.275000,-74.012500,Top,90.000000
C26,118.775000,-74.462500,Top,90.000000
C27,103.575000,-74.262500,Top,90.000000
C28,88.187500,-74.212500,Top,90.000000
C29,88.300000,-89.600000,Top,90.000000
C30,103.837500,-89.775000,Top,90.000000
C31,119.000000,-89.800000,Top,90.000000
C32,133.437500,-89.625000,Top,90.000000
C33,88.525000,-99.300000,Top,90.000000
C34,104.100000,-99.200000,Top,90.000000
C35,119.287500,-99.425000,Top,90.000000
C36,133.675000,-99.400000,Top,90.000000
C37,88.300000,-109.300000,Top,90.000000
C38,103.725000,-109.150000,Top,90.000000
C39,119.100000,-109.550000,Top,90.000000
C40,133.525000,-109.300000,Top,90.000000
C41,88.300000,-119.300000,Top,90.000000
C42,103.500000,-119.425000,Top,90.000000
C43,118.487500,-119.325000,Top,90.000000
C44,133.087500,-119.325000,Top,90.000000
C45,88.200000,-129.025000,Top,90.000000
C46,103.225000,-129.150000,Top,90.000000
C47,118.637500,-129.375000,Top,90.000000
C48,132.937500,-129.125000,Top,90.000000
C49,88.300000,-139.000000,Top,90.000000
C50,103.225000,-138.925000,Top,90.000000
C51,118.325000,-139.025000,Top,90.000000
C52,133.062500,-138.975000,Top,90.000000
C53,88.500000,-149.250000,Top,90.000000
C54,103.425000,-149.225000,Top,90.000000
C55,118.587500,-149.325000,Top,90.000000
C56,133.025000,-149.400000,Top,90.000000
C57,88.300000,-159.000000,Top,90.000000
C58,103.700000,-159.050000,Top,90.000000
C59,119.200000,-159.000000,Top,90.000000
C60,133.000000,-159.000000,Top,90.000000
C61,186.199302,-35.449000,Top,270.000000
C62,186.311802,-51.424000,Top,270.000000
C63,186.549302,-68.249000,Top,270.000000
C64,186.474302,-85.099000,Top,270.000000
C65,186.574302,-93.699000,Top,270.000000
C66,186.374302,-76.499000,Top,270.000000
C67,186.449302,-59.899000,Top,270.000000
C68,186.099302,-43.349000,Top,270.000000
C69,56.900000,-75.000000,Top,270.000000
C70,58.300000,-80.300000,Top,180.000000
R1,63.861500,-49.666818,Top,180.000000
R2,57.099000,-53.166818,Top,180.000000
R3,63.736500,-36.916818,Top,180.000000
R4,56.636500,-42.316818,Top,180.000000
R5,63.699000,-60.816818,Top,180.000000
R6,57.036500,-65.616818,Top,180.000000
R7,64.312500,-101.400000,Top,180.000000
R8,56.775000,-105.000000,Top,180.000000
R9,64.387500,-112.125000,Top,180.000000
R10,57.350000,-115.925000,Top,180.000000
R11,64.387500,-123.050000,Top,180.000000
R12,57.287500,-127.150000,Top,180.000000
R13,64.362500,-134.900000,Top,180.000000
R14,57.662500,-139.700000,Top,180.000000
R15,163.762000,-117.650000,Top,90.000000
R16,174.799500,-117.500000,Top,90.000000
R17,175.899500,-121.300000,Top,0.000000
R18,183.999500,-117.500000,Top,270.000000
R19,188.099500,-116.300000,Top,0.000000
R20,187.999500,-129.300000,Top,0.000000
R21,183.999500,-130.500000,Top,270.000000
R22,163.924500,-130.300000,Top,90.000000
R23,174.799500,-130.562500,Top,90.000000
R24,175.899500,-134.300000,Top,0.000000
R25,188.062500,-142.000000,Top,0.000000
R26,184.362500,-143.100000,Top,270.000000
R27,163.662500,-143.100000,Top,90.000000
R28,175.162500,-142.600000,Top,90.000000
R29,176.262500,-146.300000,Top,0.000000
R30,187.762500,-155.200000,Top,0.000000
R31,184.062500,-156.337500,Top,270.000000
R32,164.162500,-155.700000,Top,90.000000
R33,174.462500,-156.000000,Top,90.000000
R34,175.662500,-159.800000,Top,0.000000
R35,163.643052,-46.242750,Top,270.000000
R36,167.343052,-49.942750,Top,180.000000
R37,163.580552,-56.499000,Top,270.000000
R38,167.380552,-60.599000,Top,180.000000
R39,163.611802,-68.099000,Top,270.000000
R40,166.911802,-72.899000,Top,180.000000
R41,163.586802,-79.149000,Top,270.000000
R42,166.786802,-83.249000,Top,180.000000
R43,210.311802,-63.624000,Top,270.000000
R44,193.687000,-123.800000,Top,180.000000
R45,193.924500,-136.600000,Top,180.000000
R46,193.962500,-149.350000,Top,180.000000
R47,193.762500,-162.300000,Top,180.000000
R48,59.600000,-75.000000,Top,90.000000
R49,63.600000,-78.100000,Top,0.000000
U1,63.799000,-54.566818,Top,90.000000
U3,64.474000,-66.266818,Top,90.000000
U4,64.175000,-106.050000,Top,90.000000
U5,64.287500,-116.725000,Top,90.000000
U6,64.387500,-127.850000,Top,90.000000
U7,64.862500,-139.600000,Top,90.000000
U8,169.399500,-117.650000,Top,270.000000
U9,179.399500,-117.500000,Top,270.000000
U10,194.099500,-116.700000,Top,270.000000
U11,200.999500,-116.800000,Top,270.000000
U12,169.599500,-130.350000,Top,270.000000
U13,179.362000,-130.750000,Top,270.000000
U14,193.924500,-129.700000,Top,270.000000
U15,201.262000,-130.050000,Top,270.000000
U16,169.300000,-142.850000,Top,270.000000
U17,179.825000,-142.650000,Top,270.000000
U18,193.925000,-142.500000,Top,270.000000
U19,200.062500,-142.700000,Top,270.000000
U20,169.800000,-155.500000,Top,270.000000
U21,179.100000,-156.000000,Top,270.000000
U22,193.700000,-155.550000,Top,270.000000
U23,200.025000,-156.450000,Top,270.000000
U24,169.080552,-45.842750,Top,270.000000
U25,168.618052,-56.299000,Top,270.000000
U26,168.249302,-68.199000,Top,270.000000
U27,168.124302,-78.999000,Top,270.000000
U28,189.724302,-35.449000,Top,180.000000
U29,189.899302,-43.049000,Top,180.000000
U30,189.949302,-51.299000,Top,180.000000
U31,190.186802,-59.924000,Top,180.000000
U32,190.286802,-67.924000,Top,180.000000
U33,189.974302,-76.399000,Top,180.000000
U34,190.111802,-84.924000,Top,180.000000
U35,190.311802,-93.474000,Top,180.000000
U36,147.075000,-36.705000,Top,270.000000
U37,147.200000,-72.700000,Top,270.000000
U38,146.575000,-111.405000,Top,270.000000
U39,146.400000,-155.105000,Top,270.000000
U43,63.836500,-42.316818,Top,90.000000
U60,83.887500,-24.800000,Top,0.000000
U61,99.037500,-24.775000,Top,0.000000
U62,114.200000,-24.800000,Top,0.000000
U63,128.700000,-24.800000,Top,0.000000
U64,83.862500,-34.375000,Top,0.000000
U65,98.937500,-34.425000,Top,0.000000
U66,114.225000,-34.562500,Top,0.000000
U67,128.562500,-34.575000,Top,0.000000
U68,83.637500,-44.325000,Top,0.000000
U69,98.837500,-44.325000,Top,0.000000
U70,114.100000,-44.350000,Top,0.000000
U71,128.637500,-44.375000,Top,0.000000
U72,83.537500,-54.300000,Top,0.000000
U73,98.837500,-54.550000,Top,0.000000
U74,113.900000,-54.475000,Top,0.000000
U75,128.437500,-54.250000,Top,0.000000
U76,83.625000,-64.175000,Top,0.000000
U77,98.762500,-64.300000,Top,0.000000
U78,113.962500,-64.500000,Top,0.000000
U79,128.462500,-64.225000,Top,0.000000
U80,83.525000,-73.837500,Top,0.000000
U81,98.712500,-73.937500,Top,0.000000
U82,113.812500,-74.087500,Top,0.000000
U83,128.375000,-73.812500,Top,0.000000
U92,205.549302,-63.774000,Top,90.000000
U93,147.075000,-25.795000,Top,270.000000
U94,147.225000,-62.125000,Top,270.000000
U95,146.575000,-100.655000,Top,270.000000
U96,146.400000,-144.300000,Top,270.000000
U100,83.562500,-89.375000,Top,0.000000
U101,99.000000,-89.525000,Top,0.000000
U102,114.137500,-89.525000,Top,0.000000
U103,128.637500,-89.425000,Top,0.000000
U104,83.662500,-99.175000,Top,0.000000
U105,99.037500,-99.125000,Top,0.000000
U106,114.125000,-99.100000,Top,0.000000
U107,128.537500,-99.175000,Top,0.000000
U108,83.637500,-108.975000,Top,0.000000
U109,98.862500,-108.825000,Top,0.000000
U110,114.137500,-109.025000,Top,0.000000
U111,128.462500,-109.075000,Top,0.000000
U112,83.437500,-119.025000,Top,0.000000
U113,98.737500,-118.975000,Top,0.000000
U114,113.825000,-119.100000,Top,0.000000
U115,128.225000,-119.050000,Top,0.000000
U116,83.462500,-128.875000,Top,0.000000
U117,98.662500,-128.975000,Top,0.000000
U118,113.937500,-129.075000,Top,0.000000
U119,128.437500,-128.925000,Top,0.000000
U120,83.437500,-138.675000,Top,0.000000
U121,98.662500,-138.650000,Top,0.000000
U122,113.862500,-138.750000,Top,0.000000
U123,128.262500,-138.675000,Top,0.000000
U124,83.537500,-148.975000,Top,0.000000
U125,98.862500,-148.950000,Top,0.000000
U126,114.025000,-149.050000,Top,0.000000
U127,128.462500,-149.075000,Top,0.000000
U128,83.537500,-158.675000,Top,0.000000
U129,98.737500,-158.875000,Top,0.000000
U130,114.037500,-158.725000,Top,0.000000
U131,128.337500,-158.725000,Top,0.000000
U132,64.300000,-74.800000,Top,90.000000
